"time","AICc","AICc_part1","AICc_part2","numparams"
1,228.916685655914,219.250018989248,9.66666666666667,4
