"time","AICc","AICc_part1","AICc_part2","numparams"
1,226.860391435814,217.193724769147,9.66666666666667,4
