"time","r_MCSE","p_MCSE","a_MCSE","K_MCSE","I0_MCSE"
1,0.000616981570215839,0,0,2.73107294446523,0
