"time","r_MCSE","p_MCSE","a_MCSE","K_MCSE","I0_MCSE"
1,0.00320656273078364,0,0.00537471345807853,3.25165958192429,0
