"time","r_MCSE","p_MCSE","a_MCSE","K_MCSE","I0_MCSE"
1,0.00639898209023918,0.00171157735549154,0,2.76313552339446,0
