"time","calibration_period","MAE","MSE","Coverage_95PI","WIS"
1,29,6.32113447109481,65.1651871361586,96.551724137931,4.02711477421477
