"window_start","horizon_step","calibration_period","MAE","MSE","Coverage_95PI","WIS"
1,1,29,1.87625618006018,3.52033725321402,100,1.66531164082323
1,2,29,2.05265199572975,4.24449569935904,100,1.66116883958772
