"window_start","horizon_step","calibration_period","MAE","MSE","Coverage_95PI","WIS"
1,1,29,2.91104526443485,8.47418453158855,100,2.01431463894125
1,2,29,2.29393074829156,5.64294860399223,100,1.84490753972074
