"time","calibration_period","MAE","MSE","Coverage_95PI","WIS"
1,29,6.12590755950295,61.418601125088,100,3.85550017355921
