"window_start","horizon_step","calibration_period","MAE","MSE","Coverage_95PI","WIS"
1,1,29,2.73220224126874,7.46492908719391,100,2.02474551893741
1,2,29,2.11353482457503,4.84977882716986,100,1.8529719057083
