"time","calibration_period","MAE","MSE","Coverage_95PI","WIS"
1,29,9.27171482764686,140.425553148591,100,5.57297259094664
