"time","r_SCI","p_SCI","a_SCI","K_SCI","I0_SCI"
1,0.0479573467008671,0,0,0.0949867834850564,0
