"time","r_SCI","p_SCI","a_SCI","K_SCI","I0_SCI"
1,0.175468269663286,0,0.318481941828442,0.0869410295944647,0
