time,r MCSE,p MCSE,a MCSE,K0 MCSE,I0 MCSE,alpha MCSE
1,0.00103686960229017,0,0.00244615541756549,11.3932282286964,0,0.161862690917582
