time,calibration_period,MAE,MSE,Coverage 95%PI,WIS
1,40,33.6422207611263,2898.25871983124,85,22.7434347826087
