time,r SCI,p SCI,a SCI,K0 SCI,I0 SCI,alpha SCI
1,0.0665670585313885,0,0.16808522829991,0.0615642945950334,0,0.449066233110231
