"time","r_MCSE","p_MCSE","a_MCSE","K_MCSE","I0_MCSE"
1,0.000605506572579506,0,0,2.55558286572394,0
