"time","r_MCSE","p_MCSE","a_MCSE","K_MCSE","I0_MCSE"
1,0.00382675118709598,0,0.00425611778000025,2.65184941002812,0
