"time","calibration_period","MAE","MSE","Coverage_95PI","WIS"
1,29,6.21208985412024,61.9231750075875,100,3.88571119167387
