"time","calibration_period","MAE","MSE","Coverage_95PI","WIS"
1,29,9.18017438707317,137.57596248278,100,5.62182088426558
