"time","calibration_period","MAE","MSE","Coverage_95PI","WIS"
1,29,6.32113447109481,65.1651871361586,100,4.01544001346842
