"time","r_SCI","p_SCI","a_SCI","K_SCI","I0_SCI"
1,0.234633057492019,0.059074601656945,0,0.0753963571869318,0
