"time","r_SCI","p_SCI","a_SCI","K_SCI","I0_SCI"
1,0.181717134050642,0,0.283950070628736,0.0745579245841541,0
