"time","r_SCI","p_SCI","a_SCI","K_SCI","I0_SCI"
1,0.0441776560510813,0,0,0.087265443657222,0
