time,r MCSE,p MCSE,a MCSE,K0 MCSE,I0 MCSE,alpha MCSE
1,0.00437618995417807,0.00138935015282701,0,1.5074334685005,0,0.0226870434469165
