time,Horizon,MAE,MSE,Coverage 95%PI,WIS
1,3,2.10050656488439,7.42749117924952,100,1.3331884057971
