time,calibration_period,MAE,MSE,Coverage 95%PI,WIS
1,29,6.42807455465667,70.1115866662947,100,3.82685907046477
