time,r SCI,p SCI,a SCI,K0 SCI,I0 SCI,alpha SCI
1,0.178910262265921,0.0442437472718863,0,0.0565215081699929,0,8.1378616344185
