"time","r_MCSE","p_MCSE","a_MCSE","K_MCSE","I0_MCSE"
1,0.000544614135486968,0,0,3.75277768051316,0
