"time","r_MCSE","p_MCSE","a_MCSE","K_MCSE","I0_MCSE"
1,0.00248688361113968,0,0.00427508974744777,2.73359326731935,0
