"time","calibration_period","MAE","MSE","Coverage_95PI","WIS"
1,29,6.1210703385041,64.0146516639866,100,3.66534857571214
