"time","calibration_period","MAE","MSE","Coverage_95PI","WIS"
1,29,9.62344884198144,169.188655568573,100,5.9636143928036
