"time","r_SCI","p_SCI","a_SCI","K_SCI","I0_SCI"
1,0.191992312742947,0.0492469975609605,0,0.0771799375582029,0
