"time","r_SCI","p_SCI","a_SCI","K_SCI","I0_SCI"
1,0.138509963521061,0,0.250047669663138,0.0752469447741975,0
