"time","r_SCI","p_SCI","a_SCI","K_SCI","I0_SCI"
1,0.0456320564719048,0,0,0.106597205229414,0
