"time","AICc","AICc_part1","AICc_part2","numparams"
1,473.464273215767,466.797606549101,6.66666666666667,3
