"time","AICc","AICc_part1","AICc_part2","numparams"
1,467.984651548876,458.841794406019,9.14285714285714,4
