"time","AICc","AICc_part1","AICc_part2","numparams"
1,462.41884438298,453.275987240122,9.14285714285714,4
