"time","r_MCSE","p_MCSE","a_MCSE","K_MCSE","I0_MCSE"
1,0.000203972148111309,0,0,11.6388534555533,0
