"time","r_MCSE","p_MCSE","a_MCSE","K_MCSE","I0_MCSE"
1,0.000723970596185389,0,0.00417764145512153,16.5021865734919,0
