"time","r_MCSE","p_MCSE","a_MCSE","K_MCSE","I0_MCSE"
1,0.001900386954324,0.000784577740562078,0,17.3896017443744,0
