"time","calibration_period","MAE","MSE","Coverage_95PI","WIS"
1,40,37.2287451537435,2359.9929603265,97.5,21.8501646904081
