"time","calibration_period","MAE","MSE","Coverage_95PI","WIS"
1,40,34.3338251023541,2079.21209872844,97.5,20.2641384594876
