"time","calibration_period","MAE","MSE","Coverage_95PI","WIS"
1,40,40.6651561361371,2924.11911008372,95,24.5180141738201
