"time","r_SCI","p_SCI","a_SCI","K_SCI","I0_SCI"
1,0.107988558144017,0.021666794402556,0,0.0586983407423189,0
