"time","r_SCI","p_SCI","a_SCI","K_SCI","I0_SCI"
1,0.050923120443494,0,0.192486081670575,0.0678635130336468,0
