"time","r_SCI","p_SCI","a_SCI","K_SCI","I0_SCI"
1,0.0164409344052185,0,0,0.0522525854696791,0
