time,Horizon,MAE,MSE,Coverage 95%PI,WIS
1,1,22.2642307705173,495.69597180285,100,9.95934782608696
