time,AICc,AICc part1,AICc part2,numparams
1,-65416.1623371361,-65428.0978210071,11.9354838709677,5
