time,calibration_period,MAE,MSE,Coverage 95%PI,WIS
1,37,34.0066653859866,2970.63960942497,89.1891891891892,22.7323678025852
