time,r SCI,p SCI,a SCI,K0 SCI,I0 SCI,alpha SCI
1,0.409288110098617,0.144662608299357,0.502154043095559,0.0663290308769376,0,1.31700521734592
