"time","AICc","AICc_part1","AICc_part2","numparams"
1,-67102.6227500052,-67109.2894166719,6.66666666666667,3
