"time","AICc","AICc_part1","AICc_part2","numparams"
1,-67379.8100647003,-67388.9529218432,9.14285714285714,4
