"time","AICc","AICc_part1","AICc_part2","numparams"
1,-67100.1462265692,-67109.289083712,9.14285714285714,4
