"time","r_MCSE","p_MCSE","a_MCSE","K_MCSE","I0_MCSE"
1,0.00502218643601931,0.00129722205192731,0,19.3796096340083,0
