"time","r_MCSE","p_MCSE","a_MCSE","K_MCSE","I0_MCSE"
1,0.00265256176219126,0,0.176806951570992,16150696.0839462,0
