"time","r_MCSE","p_MCSE","a_MCSE","K_MCSE","I0_MCSE"
1,0.000293987923215989,0,0,16121503.7519344,0
