"window_start","horizon_step","calibration_period","MAE","MSE","Coverage_95PI","WIS"
1,1,40,7.97539538414185,63.6069315333911,100,4.87913913043478
1,2,40,12.7895334086322,186.748089729364,100,6.47109565217391
