"window_start","horizon_step","calibration_period","MAE","MSE","Coverage_95PI","WIS"
1,1,40,730.321222466527,533369.087985002,0,432.731095652174
1,2,40,807.485987039213,657988.020156251,0,495.023797826087
