"time","calibration_period","MAE","MSE","Coverage_95PI","WIS"
1,40,36.5770134572432,3573.42854498461,90,24.585027826087
