"time","calibration_period","MAE","MSE","Coverage_95PI","WIS"
1,40,196.831932248356,75733.2799672005,30,156.727159456522
