"window_start","horizon_step","calibration_period","MAE","MSE","Coverage_95PI","WIS"
1,1,40,765.71969343447,586326.648913379,0,475.027758695652
1,2,40,865.131344930268,758334.920433976,0,555.466419565217
