"time","calibration_period","MAE","MSE","Coverage_95PI","WIS"
1,40,194.795828454105,74140.2692021729,32.5,151.934122934783
