"time","r_SCI","p_SCI","a_SCI","K_SCI","I0_SCI"
1,0.193154851765447,0.0421959287575253,0,0.0823905859927357,0
