"time","r_SCI","p_SCI","a_SCI","K_SCI","I0_SCI"
1,0.0413493680363968,0,0,1.26106691351754,0
