"time","r_SCI","p_SCI","a_SCI","K_SCI","I0_SCI"
1,0.265343788302578,0,2.11188178328088,1.67581025242983,0
