time,r MCSE,p MCSE,a MCSE,K0 MCSE,I0 MCSE,alpha MCSE
1,0.016336509311265,0.00267270840724958,0.04499726175333,1.49443927806009,0,0.0415563742075836
