time,calibration_period,MAE,MSE,Coverage 95%PI,WIS
1,26,7.45127868962451,104.571913919083,96.1538461538462,4.72954013377927
