"time","AICc","AICc_part1","AICc_part2","numparams"
1,-5865.94108181203,-5875.6077484787,9.66666666666667,4
