"time","r_MCSE","p_MCSE","a_MCSE","K_MCSE","I0_MCSE"
1,0.0048921527273849,0.00145950848984117,0,2.88055640007506,0
