"time","r_MCSE","p_MCSE","a_MCSE","K_MCSE","I0_MCSE"
1,0.000546982980279944,0,0,3.52983041101053,0
