"time","r_MCSE","p_MCSE","a_MCSE","K_MCSE","I0_MCSE"
1,0.00290856801140617,0,0.00479950036195031,2.81241839128839,0
