"window_start","horizon_step","calibration_period","MAE","MSE","Coverage_95PI","WIS"
1,1,29,2.68211840752167,7.19375915196658,100,1.24739130434783
1,2,29,3.10047699355408,9.7879814940652,100,1.6754347826087
1,3,29,2.2483108350159,6.62395853870336,100,1.29644927536232
