"time","calibration_period","MAE","MSE","Coverage_95PI","WIS"
1,29,6.14012275638473,62.4321968736378,100,3.66998590704648
