"window_start","horizon_step","calibration_period","MAE","MSE","Coverage_95PI","WIS"
1,1,29,2.23411068859798,4.99125056890774,100,1.07478260869565
1,2,29,3.08571956968001,10.246902949044,100,1.7695652173913
1,3,29,2.10624607883081,6.83850097403465,100,1.36869565217391
