"time","calibration_period","MAE","MSE","Coverage_95PI","WIS"
1,29,9.61918936959484,166.706062590299,100,5.99907916041979
