"time","calibration_period","MAE","MSE","Coverage_95PI","WIS"
1,29,6.33248762439221,68.8785387004629,100,3.78017421289355
