"window_start","horizon_step","calibration_period","MAE","MSE","Coverage_95PI","WIS"
1,1,29,1.06164588621112,1.127091987709,100,0.950434782608696
1,2,29,3.85981850269363,22.7279688653686,100,3.03434782608696
1,3,29,3.2621933670042,16.5760638304302,100,2.54217391304348
