"time","r_SCI","p_SCI","a_SCI","K_SCI","I0_SCI"
1,0.0447534746925849,0,0,0.109877621687583,0
