"time","r_SCI","p_SCI","a_SCI","K_SCI","I0_SCI"
1,0.167200235014457,0,0.307334128716427,0.0810555918552681,0
