time,r MCSE,p MCSE,a MCSE,K0 MCSE,I0 MCSE,alpha MCSE
1,0.00255077315977994,0,0.00306146638439198,1.46845862887569,0,0.0241971528395362
