time,Horizon,MAE,MSE,Coverage 95%PI,WIS
1,2,2.43558082681184,6.14146558886583,100,1.11652173913043
