time,calibration_period,MAE,MSE,Coverage 95%PI,WIS
1,29,6.3795910701841,65.6108903219641,100,3.79544977511244
