time,r SCI,p SCI,a SCI,K0 SCI,I0 SCI,alpha SCI
1,0.153047298849067,0,0.242296161544374,0.0583562533294967,0,8.20943637264603
