time,r SCI,p SCI,a SCI,K0 SCI,I0 SCI,alpha SCI
1,0.184869122990519,0.0442414618666214,0.241461403110161,0.00155054442178341,0,0.465225390038019
