time,AICc,AICc part1,AICc part2,numparams
1,-5835.5253664545,-5842.4853664545,6.96,3
