time,calibration_period,MAE,MSE,Coverage 95%PI,WIS
1,29,10.5531936403811,180.093552996082,96.551724137931,6.42514992503748
