time,r MCSE,p MCSE,a MCSE,K0 MCSE,I0 MCSE,alpha MCSE
1,0.00442154797733861,0.00138499514007162,0,1.2543333968454,0,0.0254145713178932
