time,r SCI,p SCI,a SCI,K0 SCI,I0 SCI,alpha SCI
1,0.134580351263442,0.0378715012837598,0.243469553511461,0.0117936659421912,0,0.488679881533116
