time,r MCSE,p MCSE,a MCSE,K0 MCSE,I0 MCSE,alpha MCSE
1,0.00429497354137041,0.00136359682992538,0,1.35999616426219,0,0.0254619436687437
