time,Horizon,MAE,MSE,Coverage 95%PI,WIS
1,4,2.12341160194363,6.69338106757804,100,1.27913043478261
