time,calibration_period,MAE,MSE,Coverage 95%PI,WIS
1,29,6.43596739956634,69.9967636672798,100,3.85598950524738
