time,r SCI,p SCI,a SCI,K0 SCI,I0 SCI,alpha SCI
1,0.192748266976473,0.0537065630856783,0,0.0484423218238125,0,8.186413527853
