time,calibration_period,MAE,MSE,Coverage 95%PI,WIS
1,29,6.45557282525111,70.4578792885059,100,3.84633433283358
