time,Horizon,MAE,MSE,Coverage 95%PI,WIS
1,1,24.3513952929479,592.990452713407,100,12.385652173913
