"time","AICc","AICc_part1","AICc_part2","numparams"
1,462.41859469395,453.275737551093,9.14285714285714,4
