"time","AICc","AICc_part1","AICc_part2","numparams"
1,468.065362778665,458.922505635808,9.14285714285714,4
