"time","AICc","AICc_part1","AICc_part2","numparams"
1,473.567642432196,466.900975765529,6.66666666666667,3
