"time","r_MCSE","p_MCSE","a_MCSE","K_MCSE","I0_MCSE"
1,0.00196743859056874,0.00082222885550413,0,18.0403548684081,0
