"time","r_MCSE","p_MCSE","a_MCSE","K_MCSE","I0_MCSE"
1,0.000199503935376959,0,0,12.6023113483799,0
