"time","r_MCSE","p_MCSE","a_MCSE","K_MCSE","I0_MCSE"
1,0.000726668899759773,0,0.00413932749474367,19.1577577994425,0
