"window_start","horizon_step","calibration_period","MAE","MSE","Coverage_95PI","WIS"
1,1,40,13.3083301817387,177.111652226178,100,8.72436625406031
1,2,40,8.89782860200035,98.62387801545,100,8.00501385381216
1,3,40,6.30467173098623,66.1661602074554,100,7.43971293019577
