"time","calibration_period","MAE","MSE","Coverage_95PI","WIS"
1,40,34.9023643701884,2093.53554796355,97.5,20.3320096991608
