"window_start","horizon_step","calibration_period","MAE","MSE","Coverage_95PI","WIS"
1,1,40,17.8324463409226,317.996142501884,100,9.12614609733471
1,2,40,12.9552724353323,191.625909179052,100,8.19657212085487
1,3,40,9.20538801527058,128.720318376244,100,7.58985473737275
