"time","calibration_period","MAE","MSE","Coverage_95PI","WIS"
1,40,37.7411385151861,2383.3198724964,97.5,21.8519789528117
