"window_start","horizon_step","calibration_period","MAE","MSE","Coverage_95PI","WIS"
1,1,40,22.991390284737,528.604027225099,100,9.75749029663198
1,2,40,17.4766754890916,335.846265428325,100,8.60888616149277
1,3,40,13.1914940436853,231.0157946629,100,7.91277136921052
