"time","calibration_period","MAE","MSE","Coverage_95PI","WIS"
1,40,40.946207694693,2930.65338267619,95,24.6391984667686
