"time","r_SCI","p_SCI","a_SCI","K_SCI","I0_SCI"
1,0.0477529846374914,0,0.159651769445701,0.0761641155126933,0
