"time","r_SCI","p_SCI","a_SCI","K_SCI","I0_SCI"
1,0.0149967474265166,0,0,0.0578410293407429,0
