"time","r_SCI","p_SCI","a_SCI","K_SCI","I0_SCI"
1,0.113221218961752,0.0263584380280839,0,0.064167958777199,0
