time,r MCSE,p MCSE,a MCSE,K0 MCSE,I0 MCSE,alpha MCSE
1,0.00237174999025295,0,0.00271687055524233,1.26003209212925,0,0.0246712700231437
