time,calibration_period,MAE,MSE,Coverage 95%PI,WIS
1,29,6.35856295543632,65.3021665037533,100,3.79156671664168
