time,Horizon,MAE,MSE,Coverage 95%PI,WIS
1,4,2.47689265865058,7.08602021851388,100,1.39163043478261
