time,r SCI,p SCI,a SCI,K0 SCI,I0 SCI,alpha SCI
1,0.146087291720618,0,0.224375455602708,0.0448721884723181,0,8.2112631418716
