time,AICc,AICc part1,AICc part2,numparams
1,-67306.1428464993,-67317.9075523817,11.7647058823529,5
