time,calibration_period,MAE,MSE,Coverage 95%PI,WIS
1,40,38.7479346707089,3793.8024559054,82.5,26.2147880434783
