time,AICc,AICc part1,AICc part2,numparams
1,-5864.5234279667,-5874.19009463337,9.66666666666667,4
