"time","AICc","AICc_part1","AICc_part2","numparams"
1,-67314.864055959,-67324.0069131019,9.14285714285714,4
