"time","AICc","AICc_part1","AICc_part2","numparams"
1,-67036.4332409394,-67043.0999076061,6.66666666666667,3
