"time","r_MCSE","p_MCSE","a_MCSE","K_MCSE","I0_MCSE"
1,0.0135897018816682,0,0.15888640497528,14909268.7865124,0
