"time","r_MCSE","p_MCSE","a_MCSE","K_MCSE","I0_MCSE"
1,0.000297234803872041,0,0,16290477.9261431,0
