"time","r_MCSE","p_MCSE","a_MCSE","K_MCSE","I0_MCSE"
1,0.00498735288967172,0.00129101280089549,0,23.7951712151073,0
