"time","calibration_period","MAE","MSE","Coverage_95PI","WIS"
1,40,196.765026589222,75753.0814650449,30,157.312115271739
