"time","calibration_period","MAE","MSE","Coverage_95PI","WIS"
1,40,195.540709752279,74407.9666714109,72.5,373.500394076087
