"time","calibration_period","MAE","MSE","Coverage_95PI","WIS"
1,40,36.7043126298941,3523.81338252767,90,24.2317363586957
