"time","r_SCI","p_SCI","a_SCI","K_SCI","I0_SCI"
1,0.0386796431749173,0,0,1.58970138038806,0
