"time","r_SCI","p_SCI","a_SCI","K_SCI","I0_SCI"
1,0.206623531398097,0.0467744617191897,0,0.0909884938592288,0
