"time","r_SCI","p_SCI","a_SCI","K_SCI","I0_SCI"
1,0.594836952289904,0,2.12668018177312,3.77617528385555,0
