"time","AICc","AICc_part1","AICc_part2","numparams"
1,-66386.6217218964,-66395.7645790392,9.14285714285714,4
