"time","AICc","AICc_part1","AICc_part2","numparams"
1,-67366.6682051978,-67375.8110623407,9.14285714285714,4
