"time","r_MCSE","p_MCSE","a_MCSE","K_MCSE","I0_MCSE"
1,0.00495823680850463,0.00128517375328678,0,20.1320807345016,0
