"window_start","horizon_step","calibration_period","MAE","MSE","Coverage_95PI","WIS"
1,1,40,5.53004292625656,30.5813747662402,100,4.61348695652174
1,2,40,8.30495488336578,76.6724119844489,100,4.82587826086957
1,3,40,10.2072658275815,116.559273778351,100,5.15036811594203
