"time","calibration_period","MAE","MSE","Coverage_95PI","WIS"
1,40,36.3965371644811,3601.8040282399,90,24.6302042391304
