"time","calibration_period","MAE","MSE","Coverage_95PI","WIS"
1,40,198.603316835933,77281.1006987081,30,157.5496225
