"window_start","horizon_step","calibration_period","MAE","MSE","Coverage_95PI","WIS"
1,1,40,793.339742120943,629387.946428524,0,515.12477173913
1,2,40,894.745087051157,810851.814782599,0,583.299025
1,3,40,1009.62728483283,1052598.45566683,0,665.53422826087
