"window_start","horizon_step","calibration_period","MAE","MSE","Coverage_95PI","WIS"
1,1,40,26,676,0,23.2643565217391
1,2,40,20,436,0,17.7463130434783
1,3,40,15.3333333333333,302.666666666667,33.3333333333333,13.4768202898551
