"time","r_SCI","p_SCI","a_SCI","K_SCI","I0_SCI"
1,0.0924329480150596,0,0,4.62701996128772,0
