"time","r_SCI","p_SCI","a_SCI","K_SCI","I0_SCI"
1,0.191119907260556,0.04222444116901,0,0.0840414166209058,0
