time,r MCSE,p MCSE,a MCSE,K0 MCSE,I0 MCSE,alpha MCSE
1,0.0216322389009013,0.00227004497367939,0.0386807960151841,1.48693871799767,0,0.0396507472566736
