time,Horizon,MAE,MSE,Coverage 95%PI,WIS
1,3,2.37400047817149,9.97261275683905,100,1.65869565217391
