time,calibration_period,MAE,MSE,Coverage 95%PI,WIS
1,29,7.60533831010939,111.28017551732,96.551724137931,4.79888305847077
