time,r SCI,p SCI,a SCI,K0 SCI,I0 SCI,alpha SCI
1,0.32723281203358,0.126753291707423,0.397284471581775,0.0633488871872471,0,1.08255957246363
