time,AICc,AICc part1,AICc part2,numparams
1,-67375.6649232595,-67384.8077804023,9.14285714285714,4
