time,r MCSE,p MCSE,a MCSE,K0 MCSE,I0 MCSE,alpha MCSE
1,0.00244516256118891,0.00069010338260977,0,4.87729230110982,0,0.236553347957608
