time,Horizon,MAE,MSE,Coverage 95%PI,WIS
1,2,13.2376720881844,200.834025095612,100,6.31173913043478
