time,calibration_period,MAE,MSE,Coverage 95%PI,WIS
1,40,36.4820909003513,3623.92488768395,90,24.8284239130435
