time,r SCI,p SCI,a SCI,K0 SCI,I0 SCI,alpha SCI
1,0.109654357322312,0.0271890610580464,0,0.00228297187939482,0,0.410783959537106
