time,AICc,AICc part1,AICc part2,numparams
1,-67308.1113984829,-67317.2542556258,9.14285714285714,4
