time,r MCSE,p MCSE,a MCSE,K0 MCSE,I0 MCSE,alpha MCSE
1,0.00224655284593521,0,0.00270682430511414,1.41364743373495,0,0.0223257315947823
