time,calibration_period,MAE,MSE,Coverage 95%PI,WIS
1,29,6.3690323465533,65.3737343971393,100,3.77343328335832
