time,Horizon,MAE,MSE,Coverage 95%PI,WIS
1,3,2.34344532091948,6.41539041940316,100,1.30289855072464
