time,r SCI,p SCI,a SCI,K0 SCI,I0 SCI,alpha SCI
1,0.127271515615721,0,0.212386465675035,0.0483307603868545,0,8.14922648881741
