time,r MCSE,p MCSE,a MCSE,K0 MCSE,I0 MCSE,alpha MCSE
1,0.0617141315674188,0,0.000444883267804055,0,0,0.0818794134571138
