time,r MCSE,p MCSE,a MCSE,K0 MCSE,I0 MCSE,alpha MCSE
1,0.0272563315856012,0.00249746000040775,0.0360259885628839,1.33668633453368,0,0.0412795261814312
