time,calibration_period,MAE,MSE,Coverage 95%PI,WIS
1,29,7.60462255202518,112.101062430857,96.551724137931,4.82071964017991
