time,Horizon,MAE,MSE,Coverage 95%PI,WIS
1,1,0.708674969922129,0.50222021299413,100,0.61304347826087
