time,r SCI,p SCI,a SCI,K0 SCI,I0 SCI,alpha SCI
1,0.358942249405862,0.132601271676496,0.386403768379908,0.049394866392894,0,1.03811448439657
