time,AICc,AICc part1,AICc part2,numparams
1,-67276.9569781006,-67283.6236447672,6.66666666666667,3
