time,r MCSE,p MCSE,a MCSE,K0 MCSE,I0 MCSE,alpha MCSE
1,0.00417482423964745,0,0.000262841787503778,0,0,0.550027744228308
