time,r SCI,p SCI,a SCI,K0 SCI,I0 SCI,alpha SCI
1,0.092863620286275,0,0.0719365274496316,0,0,0.417458529752306
