time,AICc,AICc part1,AICc part2,numparams
1,-67339.6429803285,-67348.7858374714,9.14285714285714,4
