time,r MCSE,p MCSE,a MCSE,K0 MCSE,I0 MCSE,alpha MCSE
1,0.000452286065278287,0,0.00348892867201958,6.0615143480522,0,0.235729158309033
