time,calibration_period,MAE,MSE,Coverage 95%PI,WIS
1,40,43.8595065776203,3246.15975645621,85,28.3766793478261
