time,Horizon,MAE,MSE,Coverage 95%PI,WIS
1,2,7.35509596244947,96.4782521911943,100,6.37934782608696
