time,r SCI,p SCI,a SCI,K0 SCI,I0 SCI,alpha SCI
1,0.0359061065917727,0,0.131090413805435,0.0237447279299985,0,0.432535109234795
