time,r MCSE,p MCSE,a MCSE,K0 MCSE,I0 MCSE,alpha MCSE
1,0.001164817216614,0.00038702252131249,0,5.78517635482908,0,0.110249610517632
