time,calibration_period,MAE,MSE,Coverage 95%PI,WIS
1,40,36.0592504643478,3482.25799923852,87.5,23.9320815217391
