time,r SCI,p SCI,a SCI,K0 SCI,I0 SCI,alpha SCI
1,0.0624808476039748,0.0153783849382867,0,0.0276455372653654,0,0.340306555919419
