time,r MCSE,p MCSE,a MCSE,K0 MCSE,I0 MCSE,alpha MCSE
1,0.00460713775331288,0.00135298351624392,0.0141622074171489,4.69021991524919,0,0.169206180642893
