time,Horizon,MAE,MSE,Coverage 95%PI,WIS
1,4,9.77108997744642,116.736388468878,100,5.19304347826087
