time,calibration_period,MAE,MSE,Coverage 95%PI,WIS
1,40,39.2551095598271,4120.42808109295,90,25.8357554347826
