time,r SCI,p SCI,a SCI,K0 SCI,I0 SCI,alpha SCI
1,0.185223172230108,0.0486145841955837,0.333063658314213,0.000388642397338031,0,0.429611666653944
