time,r MCSE,p MCSE,a MCSE,K0 MCSE,I0 MCSE,alpha MCSE
1,0.0203692819709259,0.00216258928812532,0.0351616023685295,1.23933312297188,0,0.0396483023258007
