time,Horizon,MAE,MSE,Coverage 95%PI,WIS
1,4,2.13120509414314,7.7568548984648,100,1.37119565217391
