time,calibration_period,MAE,MSE,Coverage 95%PI,WIS
1,29,7.57284994791514,110.371801058471,96.551724137931,4.80085457271364
