time,r SCI,p SCI,a SCI,K0 SCI,I0 SCI,alpha SCI
1,0.300829695418077,0.111669224519031,0.372918894930419,0.0401598128576712,0,0.940652316816224
