time,Horizon,MAE,MSE,Coverage 95%PI,WIS
1,1,3.14253616377152,9.87553354061185,100,1.52391304347826
