time,AICc,AICc part1,AICc part2,numparams
1,-4897.9729525249,-4910.9729525249,13,5
