time,r MCSE,p MCSE,a MCSE,K0 MCSE,I0 MCSE,alpha MCSE
1,0.00289638320752575,0.00123540524692459,0.011059294130626,2.82860803253886,0,0.142643563488009
