"time","AICc","AICc_part1","AICc_part2","numparams"
1,468.228116428368,459.085259285511,9.14285714285714,4
