"time","AICc","AICc_part1","AICc_part2","numparams"
1,473.66754794855,467.000881281883,6.66666666666667,3
