"time","AICc","AICc_part1","AICc_part2","numparams"
1,462.59713812589,453.454280983033,9.14285714285714,4
