"time","r_MCSE","p_MCSE","a_MCSE","K_MCSE","I0_MCSE"
1,0.00196687927665167,0.000822846258592337,0,18.042842266711,0
