"time","r_MCSE","p_MCSE","a_MCSE","K_MCSE","I0_MCSE"
1,0.000715522446367424,0,0.00426247482620017,15.4961976823815,0
