"time","r_MCSE","p_MCSE","a_MCSE","K_MCSE","I0_MCSE"
1,0.000244254193455786,0,0,14.3624509277383,0
