"window_start","horizon_step","calibration_period","MAE","MSE","Coverage_95PI","WIS"
1,1,40,14.8237606363637,219.743879404205,100,8.54731275509551
1,2,40,7.94781627905695,110.446394410421,100,7.74079682446725
