"window_start","horizon_step","calibration_period","MAE","MSE","Coverage_95PI","WIS"
1,1,40,19.9783580266212,399.13478943986,100,8.83595708343969
1,2,40,12.466183218552,211.838494385497,100,7.79676407284826
