"window_start","horizon_step","calibration_period","MAE","MSE","Coverage_95PI","WIS"
1,1,40,10.0484570591348,100.971489269275,100,8.15888008607661
1,2,40,6.39571926803524,54.2477183260438,100,7.6738339432255
