"time","calibration_period","MAE","MSE","Coverage_95PI","WIS"
1,40,37.7487745208264,2389.73572920128,97.5,21.9227023691991
