"time","calibration_period","MAE","MSE","Coverage_95PI","WIS"
1,40,34.8925956625432,2103.41479327731,97.5,20.3959403761607
