"time","calibration_period","MAE","MSE","Coverage_95PI","WIS"
1,40,41.2160510115516,2958.98208041225,95,24.6290631772898
