"time","r_SCI","p_SCI","a_SCI","K_SCI","I0_SCI"
1,0.113221218961754,0.0263584380280837,0,0.0641679587771991,0
