"time","r_SCI","p_SCI","a_SCI","K_SCI","I0_SCI"
1,0.049695782950252,0,0.180566888409022,0.065531956877461,0
