"time","r_SCI","p_SCI","a_SCI","K_SCI","I0_SCI"
1,0.0183124770903965,0,0,0.057567475732607,0
