time,r MCSE,p MCSE,a MCSE,K0 MCSE,I0 MCSE,alpha MCSE
1,0.00117740402941642,0,0.00280544239284684,12.4376825062255,0,0.147497831988472
