time,calibration_period,MAE,MSE,Coverage 95%PI,WIS
1,40,33.6069853615869,2894.0022971598,85,22.6738206521739
