time,Horizon,MAE,MSE,Coverage 95%PI,WIS
1,3,11.1061055287085,136.713244462806,100,5.24608695652174
