time,r SCI,p SCI,a SCI,K0 SCI,I0 SCI,alpha SCI
1,0.0812985242057242,0,0.193752554564363,0.0685230543318801,0,0.440811378068411
