time,calibration_period,MAE,MSE,Coverage 95%PI,WIS
1,40,80.0981065761002,12614.6682892229,97.5,48.3921793478261
