time,AICc,AICc part1,AICc part2,numparams
1,-67371.0504381024,-67382.8151439847,11.7647058823529,5
