time,r MCSE,p MCSE,a MCSE,K0 MCSE,I0 MCSE,alpha MCSE
1,0.00206987720920152,0.00119406449283525,0.00645217598312643,2.63729578293782,0,0.105911748034147
