time,Horizon,MAE,MSE,Coverage 95%PI,WIS
1,2,13.9607926831191,218.792794280244,100,7.42326086956522
