time,calibration_period,MAE,MSE,Coverage 95%PI,WIS
1,40,34.3402781591673,3173.27175611053,85,23.4973913043478
