time,r SCI,p SCI,a SCI,K0 SCI,I0 SCI,alpha SCI
1,0.129712029551194,0.0438850131229415,0.306215189936795,0.00858835843341859,0,0.451028241270644
