time,AICc,AICc part1,AICc part2,numparams
1,-67361.9977944607,-67371.1406516036,9.14285714285714,4
