time,r MCSE,p MCSE,a MCSE,K0 MCSE,I0 MCSE,alpha MCSE
1,0.0034886946459769,0.000899541153476155,0,4.68745448242246,0,0.248960149604562
