time,calibration_period,MAE,MSE,Coverage 95%PI,WIS
1,40,39.9534148920765,4330.27464601028,90,26.3901847826087
