time,Horizon,MAE,MSE,Coverage 95%PI,WIS
1,3,14.2423424935396,216.124652391805,100,6.57949275362319
