time,r SCI,p SCI,a SCI,K0 SCI,I0 SCI,alpha SCI
1,0.139164810473668,0.0289997166460748,0,0.00411550341089193,0,0.441807829584892
