time,AICc,AICc part1,AICc part2,numparams
1,-5848.00567860292,-5860.61437425509,12.6086956521739,5
