"time","AICc","AICc_part1","AICc_part2","numparams"
1,226.860391428074,217.193724761407,9.66666666666667,4
