"time","r_MCSE","p_MCSE","a_MCSE","K_MCSE","I0_MCSE"
1,0.000637635360927178,0,0,2.81441353487175,0
