"time","r_MCSE","p_MCSE","a_MCSE","K_MCSE","I0_MCSE"
1,0.00339748174798948,0,0.00457992953106526,2.75681644829542,0
