"window_start","horizon_step","calibration_period","MAE","MSE","Coverage_95PI","WIS"
1,1,29,3.06368439001233,9.3861620416052,100,2.02661698769013
1,2,29,3.11509756954334,9.7064761828043,100,2.02731558682755
1,3,29,2.35669308769216,6.70611923577957,100,1.85969841132257
