"window_start","horizon_step","calibration_period","MAE","MSE","Coverage_95PI","WIS"
1,1,29,2.73220224126874,7.46492908719391,100,1.93247680097547
1,2,29,3.11866741669371,9.87544178776328,100,1.97713670452499
1,3,29,2.25013788274691,6.67137781525928,100,1.84124427052524
