"time","calibration_period","MAE","MSE","Coverage_95PI","WIS"
1,29,6.19307811040037,62.0733452002768,100,3.87005802993
