"time","calibration_period","MAE","MSE","Coverage_95PI","WIS"
1,29,9.2243778307357,138.878693020389,100,5.59752862689112
