"window_start","horizon_step","calibration_period","MAE","MSE","Coverage_95PI","WIS"
1,1,29,1.79112865001758,3.20814184091381,100,1.7088549674425
1,2,29,4.48033977256776,27.3053009393001,100,2.31128107691724
1,3,29,3.79733432691921,20.1739785090685,100,2.0825623184092
