"time","r_SCI","p_SCI","a_SCI","K_SCI","I0_SCI"
1,0.0474126338723772,0,0,0.0954294238766822,0
