"time","r_SCI","p_SCI","a_SCI","K_SCI","I0_SCI"
1,0.165156159684148,0,0.289343099422564,0.0758241702769006,0
