time,r MCSE,p MCSE,a MCSE,K0 MCSE,I0 MCSE,alpha MCSE
1,0.00401008892999398,0.00132783091886088,0,1.29378880169481,0,0.0228682436385021
