time,Horizon,MAE,MSE,Coverage 95%PI,WIS
1,2,1.20048445796024,1.75055182835379,100,0.652826086956522
