time,calibration_period,MAE,MSE,Coverage 95%PI,WIS
1,29,6.43425969290578,70.09975325818,100,3.85769865067466
