time,r SCI,p SCI,a SCI,K0 SCI,I0 SCI,alpha SCI
1,0.178703764857602,0.0466794645221381,0,0.0483716080743234,0,8.12274175666712
