time,Horizon,MAE,MSE,Coverage 95%PI,WIS
1,1,10.6440293456103,113.295360710213,100,4.92565217391304
