time,AICc,AICc part1,AICc part2,numparams
1,-67360.0909079334,-67369.2337650762,9.14285714285714,4
