time,r MCSE,p MCSE,a MCSE,K0 MCSE,I0 MCSE,alpha MCSE
1,0.00108280600380598,0,0.00256232645840743,11.5937569242345,0,0.153125335347084
