time,calibration_period,MAE,MSE,Coverage 95%PI,WIS
1,40,33.6010002908274,2895.03642562184,85,22.7307391304348
