time,Horizon,MAE,MSE,Coverage 95%PI,WIS
1,4,12.8238955798911,179.172536495135,100,6.27663043478261
