time,r SCI,p SCI,a SCI,K0 SCI,I0 SCI,alpha SCI
1,0.0720557717098648,0,0.180477029177291,0.0589750641002659,0,0.42688087655552
