time,r MCSE,p MCSE,a MCSE,K0 MCSE,I0 MCSE,alpha MCSE
1,0.0233909591290597,0.00246878782501821,0.0383432367784648,1.42691176302412,0,0.0374059481344199
