time,calibration_period,MAE,MSE,Coverage 95%PI,WIS
1,29,7.59131593856483,110.914668813158,96.551724137931,4.82155172413793
