time,Horizon,MAE,MSE,Coverage 95%PI,WIS
1,2,0.52449113517136,0.305620224299629,100,0.667608695652174
