time,r SCI,p SCI,a SCI,K0 SCI,I0 SCI,alpha SCI
1,0.328832203522891,0.123495310533093,0.391180220652001,0.0427704267308687,0,0.868110695851122
