time,r MCSE,p MCSE,a MCSE,K0 MCSE,I0 MCSE,alpha MCSE
1,0.00381563219461158,0.000975378010337641,0,5.02086077641248,0,0.239000459432683
