time,calibration_period,MAE,MSE,Coverage 95%PI,WIS
1,40,40.1579332841926,4376.80564495991,90,26.4485978260869
