time,Horizon,MAE,MSE,Coverage 95%PI,WIS
1,4,15.7892602109868,263.040221962414,100,7.15326086956522
