time,r SCI,p SCI,a SCI,K0 SCI,I0 SCI,alpha SCI
1,0.148975169264994,0.0341688991127801,0,0.00664938287862049,0,0.410947241325381
