time,AICc,AICc part1,AICc part2,numparams
1,-67314.4570725721,-67323.599929715,9.14285714285714,4
