time,AICc,AICc part1,AICc part2,numparams
1,-67365.727842455,-67377.4925483374,11.7647058823529,5
