time,r MCSE,p MCSE,a MCSE,K0 MCSE,I0 MCSE,alpha MCSE
1,0.00482169505249669,0.00127113343934458,0.0126832020059022,2.89198869734994,0,0.166766150761025
