time,Horizon,MAE,MSE,Coverage 95%PI,WIS
1,3,8.43204395453237,85.05606562407,100,4.54710144927536
