time,calibration_period,MAE,MSE,Coverage 95%PI,WIS
1,40,39.1226211122806,4099.22328525401,90,25.767402173913
