time,r SCI,p SCI,a SCI,K0 SCI,I0 SCI,alpha SCI
1,0.199408199223289,0.0499085487883442,0.295823416567896,0.00142960638307022,0,0.489673674601694
