time,calibration_period,MAE,MSE,Coverage 95%PI,WIS
1,29,6.36102013194055,65.1437549133003,100,3.77505997001499
