time,Horizon,MAE,MSE,Coverage 95%PI,WIS
1,1,100.646029287651,10129.6232113708,0,57.9713043478261
