time,r MCSE,p MCSE,a MCSE,K0 MCSE,I0 MCSE,alpha MCSE
1,0.00207280064730482,0,0.00260152121151026,1.6064668387323,0,0.023790780425648
