time,r SCI,p SCI,a SCI,K0 SCI,I0 SCI,alpha SCI
1,0.121240358994172,0,0.212868053063463,0.0588772186607696,0,8.17705573387662
