time,r MCSE,p MCSE,a MCSE,K0 MCSE,I0 MCSE,alpha MCSE
1,0.00327259023979557,0.000907179418059469,0.0123661566138645,3.89505129132212,0,0.100920409998077
