time,AICc,AICc part1,AICc part2,numparams
1,-5864.68553940229,-5874.35220606896,9.66666666666667,4
