time,Horizon,MAE,MSE,Coverage 95%PI,WIS
1,1,14.1372122314773,199.860769677831,100,8.02260869565218
