time,r SCI,p SCI,a SCI,K0 SCI,I0 SCI,alpha SCI
1,0.325949782607067,0,0.108220433995081,0,0,0.645989501360224
