time,Horizon,MAE,MSE,Coverage 95%PI,WIS
1,1,1.71778361200234,2.95078053766379,100,0.807826086956522
