time,r SCI,p SCI,a SCI,K0 SCI,I0 SCI,alpha SCI
1,0.20197482432608,0.0493273036116294,0,0.0461247545923897,0,8.17314556562351
