"time","AICc","AICc_part1","AICc_part2","numparams"
1,-5864.98796576148,-5874.65463242815,9.66666666666667,4
