"time","r_MCSE","p_MCSE","a_MCSE","K_MCSE","I0_MCSE"
1,0.000504206220960371,0,0,3.61273040524106,0
