"time","r_MCSE","p_MCSE","a_MCSE","K_MCSE","I0_MCSE"
1,0.00256552099792482,0,0.00383793891932135,2.75882703622198,0
