"window_start","horizon_step","calibration_period","MAE","MSE","Coverage_95PI","WIS"
1,1,29,1.00434036574507,1.00869957026493,100,0.976521739130435
1,2,29,1.30928830356902,1.80722910664572,100,1.15978260869565
