"time","calibration_period","MAE","MSE","Coverage_95PI","WIS"
1,29,9.72186852039439,173.34108773537,100,6.01855502248876
