"time","calibration_period","MAE","MSE","Coverage_95PI","WIS"
1,29,6.11781214856818,62.5897497508009,100,3.64805532233883
