"window_start","horizon_step","calibration_period","MAE","MSE","Coverage_95PI","WIS"
1,1,29,2.61342540142988,6.82999232883892,100,1.24652173913043
1,2,29,2.01439580940786,4.41662692907801,100,0.983695652173913
