"window_start","horizon_step","calibration_period","MAE","MSE","Coverage_95PI","WIS"
1,1,29,2.23411068859798,4.99125056890774,100,1.01913043478261
1,2,29,1.64839111891797,3.06026069523377,100,0.842173913043478
