"time","r_SCI","p_SCI","a_SCI","K_SCI","I0_SCI"
1,0.0420009216253332,0,0,0.101650325108526,0
