"time","r_SCI","p_SCI","a_SCI","K_SCI","I0_SCI"
1,0.138427594655094,0,0.250842895221236,0.0775571747681426,0
